"pathway","pval","padj","ES","NES","nMoreExtreme","size","leadingEdge"
"REACTOME_INFECTIOUS_DISEASE",0.0618170781060299,0.37090246863618,0.663610468221471,1.34290908885563,610,18,"PGK1;AP2A2;PACS1"
"REACTOME_INNATE_IMMUNE_SYSTEM",0.631790744466801,0.631790744466801,0.454161143553183,0.929301894102098,6279,21,"AP2A2;CRISPLD2;PROS1;FYN;RPS6KA5;NME2;MYO1C;BAIAP2"
"REACTOME_MEMBRANE_TRAFFICKING",0.284068136272545,0.56317907444668,0.540649467334103,1.12530867036161,2834,27,"AP2A2;SNX9;CYTH1;CSNK1D;SBF1"
"REACTOME_POST_TRANSLATIONAL_PROTEIN_MODIFICATION",0.375452716297787,0.56317907444668,0.528931459527361,1.08229648037119,3731,21,"ZBTB16;CSNK1D;NUB1;PEX14;SAE1;PROS1;UBE2G1;ARFGAP3"
"REACTOME_RNA_POLYMERASE_II_TRANSCRIPTION",0.517503035208418,0.621003642250101,0.492700729927007,0.997049202792205,5114,18,"BCL6;GLS"
"REACTOME_VESICLE_MEDIATED_TRANSPORT",0.284068136272545,0.56317907444668,0.540649467334103,1.12530867036161,2834,27,"AP2A2;SNX9;CYTH1;CSNK1D;SBF1"
