"pathway","pval","padj","ES","NES","nMoreExtreme","size","leadingEdge"
"REACTOME_INFECTIOUS_DISEASE",0.0268052516411379,0.160831509846827,0.589568126520681,1.73405195424032,244,18,"PGK1;PACS1;MYO1C"
"REACTOME_INNATE_IMMUNE_SYSTEM",0.870749031424882,0.870749031424882,0.200885608856089,0.607327976925438,8090,21,"MYO1C;CRISPLD2;PROS1;AP2A2;FYN;PELI1;PLA2G6;CRK;BAIAP2;GRAP2;CTSS;SPTAN1"
"REACTOME_MEMBRANE_TRAFFICKING",0.646465707383678,0.803917348256565,0.268643306379155,0.847448361986555,6154,27,"CYTH1;GAK;SNX9;MYO1C;AP2A2;CSNK1D"
"REACTOME_POST_TRANSLATIONAL_PROTEIN_MODIFICATION",0.669931123547137,0.803917348256565,0.271340713407134,0.820331568146899,6224,21,"SAE1;ZBTB16;PEX14;PROS1;CSNK1D;UBE2G1;ARFGAP3;NUB1;FOXK2;RAB8A;AXIN1;SPTAN1"
"REACTOME_RNA_POLYMERASE_II_TRANSCRIPTION",0.521663019693654,0.803917348256565,0.323065693430657,0.950208588017665,4767,18,"SNAPC4;ZNF750;BCL6;GLS;CBFB"
"REACTOME_VESICLE_MEDIATED_TRANSPORT",0.646465707383678,0.803917348256565,0.268643306379155,0.847448361986555,6154,27,"CYTH1;GAK;SNX9;MYO1C;AP2A2;CSNK1D"
