"pathway","pval","padj","ES","NES","nMoreExtreme","size","leadingEdge"
"REACTOME_INFECTIOUS_DISEASE",0.0289998897342596,0.173999338405557,0.589568126520681,1.72426340844951,262,18,"PGK1;PACS1;MYO1C"
"REACTOME_INNATE_IMMUNE_SYSTEM",0.868381240544629,0.868381240544629,0.200885608856089,0.603899235297008,8035,21,"MYO1C;CRISPLD2;PROS1;AP2A2;FYN;PELI1;PLA2G6;CRK;BAIAP2;GRAP2;CTSS;SPTAN1"
"REACTOME_MEMBRANE_TRAFFICKING",0.644818516570226,0.805662416252431,0.268643306379155,0.845092766673143,6128,27,"CYTH1;GAK;SNX9;MYO1C;AP2A2;CSNK1D"
"REACTOME_POST_TRANSLATIONAL_PROTEIN_MODIFICATION",0.671385346877026,0.805662416252431,0.271340713407134,0.815700289655401,6212,21,"SAE1;ZBTB16;PEX14;PROS1;CSNK1D;UBE2G1;ARFGAP3;NUB1;FOXK2;RAB8A;AXIN1;SPTAN1"
"REACTOME_RNA_POLYMERASE_II_TRANSCRIPTION",0.531591134634469,0.805662416252431,0.323065693430657,0.944844757797993,4820,18,"SNAPC4;ZNF750;BCL6;GLS;CBFB"
"REACTOME_VESICLE_MEDIATED_TRANSPORT",0.644818516570226,0.805662416252431,0.268643306379155,0.845092766673143,6128,27,"CYTH1;GAK;SNX9;MYO1C;AP2A2;CSNK1D"
